id,TARGET
0,261848.61
1,113672.84
2,289279.75
3,104510.91
4,95214.05
5,240765.88
6,106856.05
7,452786.3
8,146293.62
9,105048.734
10,167998.34
11,363916.94
12,257167.38
13,484836.84
14,71745.88
15,192267.9
16,54723.47
17,171254.77
18,239159.11
19,507858.22
20,499068.47
21,182922.84
22,182085.42
23,135795.8
24,142202.94
25,157187.3
26,180303.44
27,191953.72
28,256462.47
29,80776.86
30,126502.11
31,187146.78
32,229722.98
33,272408.44
34,182320.0
35,81513.016
36,131448.81
37,233733.1
38,80170.516
39,204148.86
40,108037.5
41,275533.66
42,340769.72
43,101319.7
44,112055.46
45,161633.06
46,414879.4
47,271361.56
48,216233.06
49,157395.16
50,109316.03
51,53926.71
52,130770.5
53,211935.12
54,256719.83
55,53128.76
56,98825.08
57,317738.78
58,189645.8
59,208816.08
60,138736.69
61,109155.77
62,127035.37
63,257792.48
64,166925.78
65,183535.42
66,129613.95
67,93396.29
68,166314.84
69,289266.34
70,214286.16
71,182021.6
72,307501.34
73,150443.89
74,238555.14
75,212288.17
76,76443.85
77,61232.37
78,413377.72
79,57761.285
80,71266.97
81,311174.5
82,340872.66
83,100993.11
84,450364.38
85,135306.61
86,86667.945
87,55105.65
88,157701.73
89,76658.64
90,274892.88
91,328438.84
92,174180.14
93,113884.49
94,399366.5
95,327423.0
96,180732.86
97,169968.55
98,243806.03
99,195833.0
100,193560.8
101,141840.14
102,112135.375
103,213156.34
104,397826.9
105,314243.62
106,189747.67
107,282996.5
108,145677.39
109,140839.42
110,349670.28
111,96660.414
112,336918.16
113,205104.67
114,143495.95
115,156227.36
116,213856.14
117,423022.22
118,10299.24
119,91603.98
120,178814.48
121,414291.47
122,92408.85
123,186250.0
124,129051.61
125,403245.94
126,248735.23
127,67482.97
128,174891.75
129,129559.28
130,211194.64
131,243002.78
132,254587.48
133,194139.39
134,95139.234
135,401964.56
136,130154.68
137,217689.53
138,220620.67
139,373589.97
140,305678.25
141,107111.695
142,157911.1
143,274067.6
144,326971.7
145,128205.64
146,161121.78
147,205510.45
148,84228.49
149,222335.27
150,175083.14
151,344833.84
152,145017.14
153,134897.08
154,248359.55
155,94895.03
156,427021.34
157,198813.33
158,194276.52
159,72597.0
160,129300.35
161,92519.31
162,175039.4
163,307026.72
164,139637.16
165,90782.99
166,320849.8
167,102503.59
168,100389.305
169,262786.28
170,315135.7
171,104819.65
172,181686.39
173,207282.69
174,316995.62
175,374685.0
176,144609.45
177,430397.06
178,160994.2
179,240664.12
180,55375.523
181,94533.0
182,171850.12
183,237711.44
184,355735.7
185,100390.07
186,319651.2
187,117326.59
188,408701.2
189,88877.67
190,52063.562
191,347359.3
192,532655.5
193,230166.38
194,408279.16
195,499608.75
196,286754.75
197,144613.64
198,87582.43
199,132994.44
200,195088.14
201,248091.44
202,73363.15
203,384823.75
204,166046.16
205,312631.88
206,288698.3
207,125960.336
208,207098.4
209,176627.17
210,69487.164
211,156699.9
212,210406.53
213,53456.434
214,129355.54
215,61882.805
216,125428.19
217,169487.1
218,376301.38
219,110547.52
220,203839.27
221,363781.75
222,104071.09
223,192589.75
224,412867.6
225,329461.7
226,114867.91
227,182235.12
228,213322.97
229,209454.16
230,229902.05
231,101374.29
232,115881.37
233,380406.47
234,499524.9
235,428805.78
236,76249.375
237,351797.28
238,130466.266
239,156556.22
240,271044.2
241,106405.34
242,129890.88
243,191275.03
244,217298.05
245,272431.72
246,161692.64
247,184044.0
248,107030.24
249,136733.89
250,148986.47
251,370650.2
252,175624.2
253,49726.74
254,102287.91
255,178583.06
256,157259.16
257,167862.0
258,359970.1
259,261145.44
260,463752.22
261,164668.52
262,169489.06
263,216776.9
264,253722.39
265,294802.1
266,128711.516
267,218872.6
268,157077.77
269,272530.34
270,376398.6
271,92020.53
272,179142.03
273,297181.44
274,343045.5
275,249944.86
276,282458.7
277,101193.055
278,515232.34
279,170487.25
280,137935.6
281,252424.19
282,94005.0
283,116351.98
284,88863.61
285,380299.22
286,63940.812
287,305562.94
288,120540.26
289,133853.56
290,148386.3
291,328034.97
292,235575.16
293,332189.94
294,200382.78
295,414703.22
296,192600.52
297,346955.9
298,493568.56
299,192614.7
300,197615.95
301,281270.06
302,92674.984
303,500238.8
304,258478.05
305,247525.47
306,214668.34
307,349476.62
308,156802.6
309,109679.08
310,202010.0
311,280810.22
312,342109.06
313,52132.7
314,245807.61
315,158497.36
316,184821.97
317,157745.67
318,109498.54
319,136326.86
320,326749.22
321,261242.84
322,149338.03
323,303931.3
324,270253.56
325,135254.77
326,92974.54
327,334221.75
328,202208.97
329,62544.3
330,211989.1
331,188038.86
332,313847.38
333,78422.27
334,230026.45
335,166665.44
336,295646.7
337,148440.25
338,102839.266
339,171989.94
340,220261.75
341,109047.72
342,171382.4
343,184175.33
344,110044.85
345,263797.6
346,64793.914
347,147085.88
348,195103.55
349,168673.38
350,69154.34
351,85108.164
352,227574.47
353,121329.73
354,533858.94
355,324348.7
356,185231.97
357,138643.61
358,90394.82
359,99557.63
360,75758.74
361,257052.84
362,121620.51
363,97781.38
364,166493.53
365,137032.89
366,113869.99
367,103170.625
368,360029.84
369,169180.6
370,191020.58
371,119768.31
372,280439.28
373,182482.88
374,82766.44
375,149491.42
376,132022.17
377,159326.05
378,231881.34
379,62516.766
380,132170.69
381,241956.6
382,57454.383
383,109924.54
384,175653.92
385,118803.12
386,87360.555
387,76088.3
388,217435.62
389,183574.64
390,435984.84
391,212044.94
392,115632.87
393,103243.08
394,304771.4
395,144461.86
396,388920.1
397,55338.03
398,142346.9
399,153035.84
400,147304.61
401,451403.53
402,124597.31
403,222228.16
404,211472.33
405,238724.88
406,113724.05
407,91038.13
408,203634.61
409,380310.28
410,425558.9
411,333182.28
412,362093.9
413,502858.22
414,173749.14
415,126864.31
416,327017.2
417,240856.02
418,191035.28
419,172293.0
420,142986.48
421,153756.03
422,182820.23
423,262399.44
424,159950.14
425,80082.234
426,161088.98
427,117377.68
428,225653.77
429,153186.77
430,232190.75
431,110865.63
432,167845.06
433,138021.89
434,153635.61
435,122733.68
436,161569.34
437,251056.58
438,73186.71
439,221524.6
440,362175.94
441,174998.34
442,191238.22
443,63709.844
444,253375.3
445,193230.19
446,74348.875
447,215473.88
448,293583.4
449,306495.44
450,124419.516
451,472118.34
452,211758.31
453,118657.81
454,353255.88
455,176604.06
456,38381.438
457,170612.62
458,136047.0
459,304594.8
460,144095.89
461,109207.69
462,61227.36
463,140580.1
464,199648.14
465,204128.38
466,323016.5
467,507890.3
468,122105.98
469,143681.45
470,302235.75
471,149483.97
472,123653.31
473,120201.01
474,262223.12
475,477497.9
476,176513.8
477,51418.934
478,120007.27
479,276494.06
480,110009.65
481,116717.41
482,159227.08
483,283879.6
484,123352.164
485,76233.67
486,233215.8
487,502567.56
488,166297.42
489,138174.58
490,102126.195
491,56331.75
492,91991.42
493,342304.16
494,134978.56
495,409388.62
496,173835.44
497,57547.38
498,484063.38
499,93581.62
500,114608.02
501,164270.39
502,367151.2
503,338529.5
504,140037.48
505,460075.47
506,71242.086
507,124963.42
508,91893.2
509,184707.56
510,174382.11
511,160055.31
512,97434.766
513,101676.37
514,351689.16
515,110144.76
516,129694.98
517,64770.645
518,148787.95
519,193171.52
520,187507.9
521,319996.2
522,505468.94
523,163905.33
524,172058.27
525,187193.22
526,122007.4
527,96436.6
528,199108.64
529,121990.26
530,191447.86
531,173887.48
532,176731.4
533,133987.83
534,95578.445
535,102662.19
536,126993.76
537,464190.06
538,251243.77
539,175585.58
540,121404.47
541,72977.59
542,58558.438
543,63131.0
544,248919.02
545,160747.86
546,138426.98
547,355062.1
548,156505.72
549,155399.34
550,199985.14
551,182813.45
552,254665.03
553,216935.3
554,217084.97
555,103173.39
556,212212.92
557,79595.484
558,126465.96
559,86711.734
560,202813.97
561,242136.17
562,226813.8
563,57288.78
564,128644.89
565,517126.44
566,515728.72
567,274237.66
568,175286.97
569,102875.16
570,232014.25
571,190828.75
572,251355.61
573,428327.7
574,256968.69
575,111395.086
576,127342.3
577,135806.61
578,164929.69
579,483714.22
580,175343.53
581,136736.97
582,146512.64
583,88293.66
584,257041.45
585,358156.6
586,97421.95
587,232536.39
588,135273.36
589,159729.42
590,158876.3
591,255965.27
592,184612.25
593,152632.12
594,151216.16
595,187587.55
596,157802.39
597,349131.94
598,65352.508
599,348465.3
600,245198.5
601,234109.92
602,68051.27
603,236132.47
604,304596.72
605,60332.32
606,328363.47
607,194819.48
608,118745.95
609,235422.84
610,526577.94
611,252133.48
612,134517.27
613,148698.53
614,340585.0
615,101281.78
616,99859.09
617,418248.3
618,-18257.545
619,415646.34
620,365833.25
621,89022.43
622,173943.08
623,289734.62
624,112121.53
625,512536.62
626,204418.23
627,253803.28
628,105148.88
629,68462.59
630,118105.1
631,91301.09
632,150556.64
633,259276.88
634,81200.195
635,248613.92
636,107411.766
637,202971.67
638,141267.1
639,202938.33
640,190604.36
641,131895.12
642,375247.53
643,234527.28
644,230069.19
645,349196.0
646,382374.9
647,325721.0
648,175063.55
649,303242.03
650,229688.42
651,277812.47
652,136664.73
653,221284.64
654,430309.44
655,271205.06
656,174787.77
657,369405.53
658,210045.62
659,506706.97
660,77281.35
661,150699.19
662,180844.12
663,479480.84
664,298735.28
665,119564.9
666,184248.42
667,515695.16
668,185184.33
669,161463.28
670,440564.06
671,429909.84
672,47212.75
673,248729.08
674,384700.06
675,389759.88
676,250183.67
677,110803.07
678,235734.42
679,147474.16
680,226536.97
681,77096.984
682,114648.48
683,121668.22
684,90993.76
685,413010.97
686,53935.305
687,111664.26
688,540715.8
689,317611.6
690,95309.91
691,254859.34
692,80971.33
693,148342.03
694,133313.77
695,341970.12
696,165265.48
697,122256.82
698,131164.9
699,262075.9
700,222620.02
701,123331.92
702,335830.78
703,347067.28
704,77447.78
705,133519.98
706,239519.3
707,273222.72
708,257210.44
709,97932.4
710,398247.28
711,243048.2
712,424524.75
713,388891.2
714,489500.12
715,141435.1
716,261737.36
717,337770.1
718,210989.7
719,505255.56
720,134778.45
721,274007.16
722,96899.33
723,136895.89
724,114426.52
725,345490.47
726,284867.66
727,102806.25
728,283758.8
729,273977.6
730,206717.72
731,97631.9
732,158207.4
733,174141.97
734,97712.0
735,106905.67
736,253336.58
737,165424.05
738,99031.93
739,144198.03
740,188447.2
741,119837.305
742,267098.4
743,101237.36
744,427044.16
745,219337.89
746,232716.7
747,435110.97
748,157206.36
749,180276.03
750,116946.67
751,148372.25
752,52931.52
753,127347.016
754,499013.53
755,279284.78
756,99012.555
757,184597.08
758,53593.18
759,58607.066
760,269690.22
761,208428.08
762,127730.5
763,202670.31
764,175283.86
765,157500.92
766,397536.12
767,204106.78
768,354236.7
769,186432.72
770,219633.64
771,123599.62
772,112009.75
773,495788.4
774,193640.22
775,260404.88
776,340224.44
777,255746.6
778,160695.84
779,55959.414
780,325044.72
781,141347.36
782,268233.56
783,245073.7
784,274292.75
785,221939.08
786,281419.94
787,173080.12
788,374692.7
789,264754.16
790,87332.48
791,91478.55
792,184622.61
793,192942.62
794,323849.3
795,179896.83
796,89743.64
797,67698.18
798,460662.3
799,122343.72
800,352247.78
801,176532.39
802,211309.47
803,198061.77
804,229708.47
805,388400.5
806,127577.87
807,57329.07
808,120097.3
809,81058.15
810,485018.53
811,108014.72
812,101888.28
813,215242.28
814,180011.55
815,142465.84
816,372763.75
817,255441.86
818,249381.78
819,89339.58
820,230926.39
821,150581.45
822,116832.945
823,204456.36
824,251089.78
825,92747.484
826,183279.38
827,227132.42
828,200307.83
829,147376.27
830,163915.02
831,139870.81
832,405409.28
833,244533.44
834,86736.625
835,52565.51
836,105356.445
837,105149.914
838,361144.12
839,258155.66
840,360455.88
841,133215.28
842,80293.78
843,186432.02
844,335207.2
845,512270.44
846,361068.25
847,109043.92
848,254202.42
849,62007.645
850,118128.96
851,70016.586
852,163082.38
853,99493.15
854,132317.1
855,169287.36
856,95240.41
857,86485.59
858,94795.81
859,241588.1
860,72353.875
861,79765.67
862,86141.16
863,395209.16
864,511324.06
865,157149.27
866,69403.49
867,429108.22
868,251023.75
869,271454.5
870,270054.94
871,65727.234
872,134403.02
873,97088.75
874,138169.31
875,326683.38
876,291426.2
877,227444.48
878,208089.88
879,116615.03
880,109108.18
881,304217.56
882,228445.77
883,145129.0
884,101934.0
885,138489.88
886,170895.39
887,153071.33
888,88611.18
889,340549.75
890,229859.47
891,71219.13
892,393851.25
893,222595.75
894,147256.23
895,106300.28
896,231558.78
897,179714.27
898,186900.48
899,69645.016
900,150815.94
901,505884.8
902,136369.31
903,105194.625
904,177982.89
905,503118.94
906,177018.86
907,154103.25
908,166432.1
909,361606.12
910,421856.5
911,235627.11
912,435986.22
913,59505.188
914,97225.61
915,181004.36
916,387693.6
917,287240.03
918,96869.97
919,144221.2
920,151775.16
921,84048.84
922,257621.97
923,387909.06
924,172730.86
925,163643.47
926,137621.55
927,101768.15
928,119178.9
929,129772.664
930,127930.71
931,355135.6
932,325763.38
933,452148.03
934,159951.47
935,201744.55
936,152742.69
937,92310.79
938,286139.84
939,293349.78
940,108579.65
941,206890.14
942,147154.16
943,366390.94
944,164673.19
945,183171.45
946,405697.03
947,256954.83
948,139133.11
949,362000.25
950,211657.22
951,140334.45
952,251695.88
953,378968.8
954,197144.34
955,123532.48
956,365258.16
957,548617.75
958,90058.43
959,183170.8
960,254397.22
961,68589.21
962,504810.88
963,90961.984
964,131351.08
965,176452.4
966,125815.0
967,221274.81
968,164219.78
969,114060.68
970,454607.06
971,366677.8
972,70611.47
973,86131.82
974,381282.9
975,261246.11
976,161812.64
977,72928.88
978,154651.72
979,193444.08
980,253841.33
981,119765.12
982,299442.2
983,300472.25
984,169223.78
985,127809.75
986,378044.6
987,188533.5
988,145439.2
989,101858.16
990,260112.62
991,53932.555
992,119628.56
993,116954.13
994,347345.16
995,211891.84
996,68007.13
997,103715.484
998,118086.81
999,132478.94
1000,62241.33
1001,51745.277
1002,345757.9
1003,181672.5
1004,393319.38
1005,334295.28
1006,172334.28
1007,304367.38
1008,251477.08
1009,96371.55
1010,131190.66
1011,104823.164
1012,172963.05
1013,312999.1
1014,107728.086
1015,173308.22
1016,139090.77
1017,116870.28
1018,159385.92
1019,138062.8
1020,167224.14
1021,208553.34
1022,228719.05
1023,242501.03
1024,310593.22
1025,292574.0
1026,91898.58
1027,372933.75
1028,102191.56
1029,178193.03
1030,197655.27
1031,134036.94
1032,164058.61
1033,64836.2
1034,291631.16
1035,224652.75
1036,272617.44
1037,146735.64
1038,49292.61
1039,302259.9
1040,136306.39
1041,310540.94
1042,290412.7
1043,89962.06
1044,163082.97
1045,186319.88
1046,85618.414
1047,503129.12
1048,303519.66
1049,373975.7
1050,186434.73
1051,78351.664
1052,229591.4
1053,140737.6
1054,148824.75
1055,141541.39
1056,388518.4
1057,128333.89
1058,161846.89
1059,110774.72
1060,253644.75
1061,404444.28
1062,116423.64
1063,87764.63
1064,523514.44
1065,335775.75
1066,66816.055
1067,188986.4
1068,385028.12
1069,221556.95
1070,106014.51
1071,256200.03
1072,109312.055
1073,62441.2
1074,359907.9
1075,155312.94
1076,322979.5
1077,280468.53
1078,50371.387
1079,128143.414
1080,79632.73
1081,121768.914
1082,56095.117
1083,102477.51
1084,128012.71
1085,342563.84
1086,103553.375
1087,188634.56
1088,83468.03
1089,231082.19
1090,342913.12
1091,166721.69
1092,216119.25
1093,142795.22
1094,105452.88
1095,238339.81
1096,200014.7
1097,354719.56
1098,94256.086
1099,146732.4
1100,330001.1
1101,131145.64
1102,193899.44
1103,62699.035
1104,223802.97
1105,261872.44
1106,162886.17
1107,471694.22
1108,220368.92
1109,324340.28
1110,168548.03
1111,285103.84
1112,183303.25
1113,183395.78
1114,60632.68
1115,317916.34
1116,215285.67
1117,170399.98
1118,138268.66
1119,191486.19
1120,387605.5
1121,292343.4
1122,367005.03
1123,296031.38
1124,250656.58
1125,231194.94
1126,116903.51
1127,120729.17
1128,145767.66
1129,210770.44
1130,256260.27
1131,94168.57
1132,56225.887
1133,281151.12
1134,176409.11
1135,365894.1
1136,63125.617
1137,149419.2
1138,257175.95
1139,254417.7
1140,322112.56
1141,167266.78
1142,113475.84
1143,47088.906
1144,177938.19
1145,128247.18
1146,417136.3
1147,259135.84
1148,247463.27
1149,230382.72
1150,375444.78
1151,279556.66
1152,100329.77
1153,282578.6
1154,512261.7
1155,164080.16
1156,186950.36
1157,297889.72
1158,101249.21
1159,276715.25
1160,226324.62
1161,295895.2
1162,169197.23
1163,134511.19
1164,95634.31
1165,57332.344
1166,101067.32
1167,201832.92
1168,166338.03
1169,64355.234
1170,451447.44
1171,189423.64
1172,177987.31
1173,208804.48
1174,86456.61
1175,159775.55
1176,75382.86
1177,261940.2
1178,163266.84
1179,65990.84
1180,166318.84
1181,297659.12
1182,169304.5
1183,238245.45
1184,230427.34
1185,325806.22
1186,152474.64
1187,101048.98
1188,355199.5
1189,285891.72
1190,63882.098
1191,107292.93
1192,219090.9
1193,482704.94
1194,249834.23
1195,216300.94
1196,223053.1
1197,450163.3
1198,141620.11
1199,168114.97
1200,131996.4
1201,483575.0
1202,176857.27
1203,278805.12
1204,167594.22
1205,192219.62
1206,211219.16
1207,190253.52
1208,282744.1
1209,139756.81
1210,107708.75
1211,242540.48
1212,262964.53
1213,165171.19
1214,205709.97
1215,176278.1
1216,157998.03
1217,311823.5
1218,235821.27
1219,298453.38
1220,102037.97
1221,152295.95
1222,360719.53
1223,221459.27
1224,192066.1
1225,60327.008
1226,387227.47
1227,100846.76
1228,248061.0
1229,142019.64
1230,263847.3
1231,151180.45
1232,400910.3
1233,112303.625
1234,282288.88
1235,207909.44
1236,94179.04
1237,183750.4
1238,152772.73
1239,61308.92
1240,149249.7
1241,113500.84
1242,164040.3
1243,92363.63
1244,468414.6
1245,203065.16
1246,70452.83
1247,215131.4
1248,132036.23
1249,116063.57
1250,365557.1
1251,118390.89
1252,368539.62
1253,134092.84
1254,78123.305
1255,93633.45
1256,164096.73
1257,124756.57
1258,389645.8
1259,206758.58
1260,441479.75
1261,183426.05
1262,303461.3
1263,207287.02
1264,128244.83
1265,324356.88
1266,89772.195
1267,200232.67
1268,81243.13
1269,424314.44
1270,116872.93
1271,253753.61
1272,54211.47
1273,157210.67
1274,240786.1
1275,221970.78
1276,95998.73
1277,125626.164
1278,156318.61
1279,182655.2
1280,159145.61
1281,273867.97
1282,246591.92
1283,316847.8
1284,62658.645
1285,113739.71
1286,252013.08
1287,251258.36
1288,217616.81
1289,58024.51
1290,155367.9
1291,118717.69
1292,209521.86
1293,83490.305
1294,332976.9
1295,316266.5
1296,448233.12
1297,56912.742
1298,176890.92
1299,267166.34
1300,455018.75
1301,126932.26
1302,283611.7
1303,259097.23
1304,188388.56
1305,105994.7
1306,124431.71
1307,118413.33
1308,186940.52
1309,198557.95
1310,343613.94
1311,150298.25
1312,91722.97
1313,150557.28
1314,118487.19
1315,452621.34
1316,147962.83
1317,97818.07
1318,326331.78
1319,190772.17
1320,190114.81
1321,398591.3
1322,258553.3
1323,131569.16
1324,51185.098
1325,134431.64
1326,129036.26
1327,380875.56
1328,393989.06
1329,71315.76
1330,306444.7
1331,81156.06
1332,272069.75
1333,139867.38
1334,95443.65
1335,129567.21
1336,181437.52
1337,59051.902
1338,381804.9
1339,129714.234
1340,112586.75
1341,122990.43
1342,145767.28
1343,490065.6
1344,124299.99
1345,77844.836
1346,77902.96
1347,269011.1
1348,210355.42
1349,98933.41
1350,275852.7
1351,75694.3
1352,514721.38
1353,233543.69
1354,421754.6
1355,110094.04
1356,137637.08
1357,167566.14
1358,139505.94
1359,347786.06
1360,89372.98
1361,181835.78
1362,160721.98
1363,91339.55
1364,251351.39
1365,229330.11
1366,253803.36
1367,283049.5
1368,377872.8
1369,292415.03
1370,252459.2
1371,71719.84
1372,466313.03
1373,147419.9
1374,184718.48
1375,126277.94
1376,210349.17
1377,154592.48
1378,232445.8
1379,433151.25
1380,216673.4
1381,206822.05
1382,59494.48
1383,412956.97
1384,216423.2
1385,168142.31
1386,264129.12
1387,113572.59
1388,219132.81
1389,52150.516
1390,80373.016
1391,70680.27
1392,145571.44
1393,50788.613
1394,131670.28
1395,97218.39
1396,90161.57
1397,225335.0
1398,172826.77
1399,89391.36
1400,151945.55
1401,134737.77
1402,449907.56
1403,210219.17
1404,290157.22
1405,60487.25
1406,217862.88
1407,243488.53
1408,197861.36
1409,181312.23
1410,238771.23
1411,99490.28
1412,270127.22
1413,148435.56
1414,217501.36
1415,125089.875
1416,282273.6
1417,203678.69
1418,32641.463
1419,408024.8
1420,293010.2
1421,62947.953
1422,72250.164
1423,412593.1
1424,45237.492
1425,170582.27
1426,166941.56
1427,184224.38
1428,76254.664
1429,349902.4
1430,140794.08
1431,209457.52
1432,122567.4
1433,116411.47
1434,340882.47
1435,174547.8
1436,348606.72
1437,311465.88
1438,183187.94
1439,190299.58
1440,238263.5
1441,143128.0
1442,96499.38
1443,59185.723
1444,198717.98
1445,385804.66
1446,110256.19
1447,256106.78
1448,248763.11
1449,150780.55
1450,459392.53
1451,194667.34
1452,102697.195
1453,163387.23
1454,134561.12
1455,215222.72
1456,156757.67
1457,257106.9
1458,368064.97
1459,234496.58
1460,161948.03
1461,240283.58
1462,108594.05
1463,101060.71
1464,464134.12
1465,215125.23
1466,470995.12
1467,233090.44
1468,230041.8
1469,195802.97
1470,212280.27
1471,240170.2
1472,56713.46
1473,56471.43
1474,118190.055
1475,115023.52
1476,243218.92
1477,501885.9
1478,160285.36
1479,141812.67
1480,137112.7
1481,57647.992
1482,406267.75
1483,153003.23
1484,241229.05
1485,226811.64
1486,471564.7
1487,145925.31
1488,85443.61
1489,338871.94
1490,499190.25
1491,236920.52
1492,168074.64
1493,61228.258
1494,270982.03
1495,67421.57
1496,138609.42
1497,340063.28
1498,283164.0
1499,362181.38
1500,115414.43
1501,235971.89
1502,161493.48
1503,78252.695
1504,334908.88
1505,152705.31
1506,203165.89
1507,91351.02
1508,358864.62
1509,110609.805
1510,184828.22
1511,132122.16
1512,332975.25
1513,154208.23
1514,247467.98
1515,240912.55
1516,52766.64
1517,121675.055
1518,89604.19
1519,313049.4
1520,419694.88
1521,154184.69
1522,275210.75
1523,152055.8
1524,151314.6
1525,260493.12
1526,230674.28
1527,96725.055
1528,371029.16
1529,222866.0
1530,179534.3
1531,160199.25
1532,184082.8
1533,146108.02
1534,115459.84
1535,172981.17
1536,211988.5
1537,189471.55
1538,135589.2
1539,30309.959
1540,389018.97
1541,189542.8
1542,187596.31
1543,181664.14
1544,259792.97
1545,152163.28
1546,94996.85
1547,210180.94
1548,108758.14
1549,161048.27
1550,104068.125
1551,241358.42
1552,211500.08
1553,135126.28
1554,346658.66
1555,162630.03
1556,345345.62
1557,66966.17
1558,85661.695
1559,305575.7
1560,395896.06
1561,343578.62
1562,114173.984
1563,458395.0
1564,513106.44
1565,238420.12
1566,251182.52
1567,102099.41
1568,296046.72
1569,164238.94
1570,73878.3
1571,415526.56
1572,214950.34
1573,122721.03
1574,174717.64
1575,73400.5
1576,271182.9
1577,252570.56
1578,349499.9
1579,351783.94
1580,130749.23
1581,198702.61
1582,151003.72
1583,365944.12
1584,278842.56
1585,138517.42
1586,329521.56
1587,72286.484
1588,103159.1
1589,120440.69
1590,112478.5
1591,120227.16
1592,92796.32
1593,75905.83
1594,299654.56
1595,134744.83
1596,72412.81
1597,336620.53
1598,277522.12
1599,177408.55
1600,271427.72
1601,86350.445
1602,150701.14
1603,268892.94
1604,245933.77
1605,62636.355
1606,314456.94
1607,139044.42
1608,291062.9
1609,317650.56
1610,108040.625
1611,85679.016
1612,206663.97
1613,258448.98
1614,340315.72
1615,189829.78
1616,370989.56
1617,259196.61
1618,149943.67
1619,362445.94
1620,178843.02
1621,121597.47
1622,73823.28
1623,217599.12
1624,184878.72
1625,398124.6
1626,304614.8
1627,308377.44
1628,133810.23
1629,185762.61
1630,275574.78
1631,108754.35
1632,254537.39
1633,62257.37
1634,177823.66
1635,398357.5
1636,379137.4
1637,196188.53
1638,88240.586
1639,78376.8
1640,250640.4
1641,391594.06
1642,259055.05
1643,217111.7
1644,179991.86
1645,277275.34
1646,119460.72
1647,204310.55
1648,259094.6
1649,479611.5
1650,155452.39
1651,130834.42
1652,142774.83
1653,65557.53
1654,163828.77
1655,99160.54
1656,109623.19
1657,145995.67
1658,162946.61
1659,116625.59
1660,184339.58
1661,92402.06
1662,197805.0
1663,216484.11
1664,179466.75
1665,305849.97
1666,117582.75
1667,83643.555
1668,268130.3
1669,248576.48
1670,169511.22
1671,147621.98
1672,64359.78
1673,196025.97
1674,175297.92
1675,409407.97
1676,516807.44
1677,137608.94
1678,170659.0
1679,240719.14
1680,244446.75
1681,264552.47
1682,89024.75
1683,200607.1
1684,197338.77
1685,194072.14
1686,160878.36
1687,157308.47
1688,119181.71
1689,139674.16
1690,292753.1
1691,495987.97
1692,211710.0
1693,114779.305
1694,164575.4
1695,154791.02
1696,267301.03
1697,323052.12
1698,56148.91
1699,416265.25
1700,209183.89
1701,129773.664
1702,141991.14
1703,152951.55
1704,177118.36
1705,122724.414
1706,304294.84
1707,200248.77
1708,327127.75
1709,115990.86
1710,483684.03
1711,119075.0
1712,141934.9
1713,99058.43
1714,97686.52
1715,446230.7
1716,54779.766
1717,130246.83
1718,110004.49
1719,189032.81
1720,54852.785
1721,122125.016
1722,196686.36
1723,217742.39
1724,507138.8
1725,146204.11
1726,158812.33
1727,268476.3
1728,280380.56
1729,134943.58
1730,301203.25
1731,482050.88
1732,156499.36
1733,55470.586
1734,184795.44
1735,317959.8
1736,150736.52
1737,64302.336
1738,217247.55
1739,207404.75
1740,117525.695
1741,532231.75
1742,190612.92
1743,269766.78
1744,101502.81
1745,102421.8
1746,444355.7
1747,146896.08
1748,73537.12
1749,496322.44
1750,197236.39
1751,329609.78
1752,307145.03
1753,165254.36
1754,58507.566
1755,66019.29
1756,297786.25
1757,495141.03
1758,113214.01
1759,411581.03
1760,175031.33
1761,462834.06
1762,495221.3
1763,413986.22
1764,206351.25
1765,95633.67
1766,233883.66
1767,141771.69
1768,95076.18
1769,273501.62
1770,190938.23
1771,353302.6
1772,239004.38
1773,224531.03
1774,99609.7
1775,155485.19
1776,334342.3
1777,144790.67
1778,158420.34
1779,65807.04
1780,113878.12
1781,236543.02
1782,315951.75
1783,254582.7
1784,81080.89
1785,552588.9
1786,160975.77
1787,90892.68
1788,305944.53
1789,212673.64
1790,291644.7
1791,460143.3
1792,319313.4
1793,221853.34
1794,204931.06
1795,246665.44
1796,144385.98
1797,519509.78
1798,259069.36
1799,230404.83
1800,321576.1
1801,91913.06
1802,100894.12
1803,62930.527
1804,214608.97
1805,235367.52
1806,162561.86
1807,198802.48
1808,72158.945
1809,176463.22
1810,502195.66
1811,99171.09
1812,309142.62
1813,288579.4
1814,95198.71
1815,184614.52
1816,231036.67
1817,187896.34
1818,382239.4
1819,233948.28
1820,61458.402
1821,428849.22
1822,156199.95
1823,74907.516
1824,114214.09
1825,178069.75
1826,124879.82
1827,148901.81
1828,114981.99
1829,64295.547
1830,191082.23
1831,298733.0
1832,218144.16
1833,390933.28
1834,187806.53
1835,216886.06
1836,238737.77
1837,498622.94
1838,271074.7
1839,61851.668
1840,185168.55
1841,95457.086
1842,64263.152
1843,76186.05
1844,104261.45
1845,95600.18
1846,387802.0
1847,210924.03
1848,355597.5
1849,104383.1
1850,489335.62
1851,304061.8
1852,199569.14
1853,166660.97
1854,78506.32
1855,188415.33
1856,176265.19
1857,471817.1
1858,196980.98
1859,481017.84
1860,182153.12
1861,76608.65
1862,221993.69
1863,275496.3
1864,161333.6
1865,86431.74
1866,253860.14
1867,179829.19
1868,103704.766
1869,200596.75
1870,346509.72
1871,229373.62
1872,305183.38
1873,230831.7
1874,341772.16
1875,241592.92
1876,125595.19
1877,293502.38
1878,249132.62
1879,360876.8
1880,300334.25
1881,114841.56
1882,159300.58
1883,86861.625
1884,277094.9
1885,98683.305
1886,83403.67
1887,218491.36
1888,171653.75
1889,127030.55
1890,197723.11
1891,173906.78
1892,309002.03
1893,64575.066
1894,254152.42
1895,308691.4
1896,350781.3
1897,175133.88
1898,287760.03
1899,70499.06
1900,429150.9
1901,157643.16
1902,234854.45
1903,177392.39
1904,357604.78
1905,129624.95
1906,240790.72
1907,133092.23
1908,285445.56
1909,108797.71
1910,456593.47
1911,201738.7
1912,202501.1
1913,90357.55
1914,180617.22
1915,218016.67
1916,57056.586
1917,96929.945
1918,265475.2
1919,253829.31
1920,168792.81
1921,193944.44
1922,146162.31
1923,95794.06
1924,122548.375
1925,375595.0
1926,328310.16
1927,108837.34
1928,269146.78
1929,99424.56
1930,118448.43
1931,369275.12
1932,196420.25
1933,286680.2
1934,222117.03
1935,186022.52
1936,348024.4
1937,151749.2
1938,274783.34
1939,95808.5
1940,197547.9
1941,86087.836
1942,170578.2
1943,227174.47
1944,176672.44
1945,213646.81
1946,475798.56
1947,331305.72
1948,106710.24
1949,179182.02
1950,178724.72
1951,58578.41
1952,136086.12
1953,94566.43
1954,254099.83
1955,147543.9
1956,234210.7
1957,99398.24
1958,130268.47
1959,513129.25
1960,75866.18
1961,130637.12
1962,434999.38
1963,170339.19
1964,180513.27
1965,172223.69
1966,139064.92
1967,172704.45
1968,188105.42
1969,264335.8
1970,113525.13
1971,116229.81
1972,51307.95
1973,87341.81
1974,136973.56
1975,336156.97
1976,449232.56
1977,92522.55
1978,205684.17
1979,351604.38
1980,317451.44
1981,382550.8
1982,204548.98
1983,302862.38
1984,274656.3
1985,448911.0
1986,109841.6
1987,205066.25
1988,134399.94
1989,73015.94
1990,104077.34
1991,382719.62
1992,112635.9
1993,248857.5
1994,227190.97
1995,280887.75
1996,244656.62
1997,349479.28
1998,149441.89
1999,298568.4
2000,114459.36
2001,176239.28
2002,98849.91
2003,355725.8
2004,160440.77
2005,195220.48
2006,208959.02
2007,66625.88
2008,183673.34
2009,172710.12
2010,181945.64
2011,219071.2
2012,284654.16
2013,425604.72
2014,181723.27
2015,180295.06
2016,75109.26
2017,72215.9
2018,185081.5
2019,90015.99
2020,99868.96
2021,372972.6
2022,213454.7
2023,138860.0
2024,181040.62
2025,90405.445
2026,150077.42
2027,53077.465
2028,153556.39
2029,112000.92
2030,251697.22
2031,77038.59
2032,437296.88
2033,184877.02
2034,419498.66
2035,200485.77
2036,101487.48
2037,139376.64
2038,195997.17
2039,180975.95
2040,256432.55
2041,342667.25
2042,252285.08
2043,140651.84
2044,96738.29
2045,103940.34
2046,74673.875
2047,99399.33
2048,86106.734
2049,62851.926
2050,67479.04
2051,176500.6
2052,320041.9
2053,343094.4
2054,304770.2
2055,260870.6
2056,314048.72
2057,270034.2
2058,225200.16
2059,189032.77
2060,383589.9
2061,295279.72
2062,137422.94
2063,132455.97
2064,196908.61
2065,154075.31
2066,56852.41
2067,165426.55
2068,136054.55
2069,78559.87
2070,90388.65
2071,419363.88
2072,249179.1
2073,149848.95
2074,300360.62
2075,74634.66
2076,165855.88
2077,82016.234
2078,186008.0
2079,223097.55
2080,205602.08
2081,106508.125
2082,121879.93
2083,359801.5
2084,97661.87
2085,485588.47
2086,157464.48
2087,473458.75
2088,112461.44
2089,96156.37
2090,63601.04
2091,315045.1
2092,121504.49
2093,190707.94
2094,55917.62
2095,232706.88
2096,90826.06
2097,151372.6
2098,288174.78
2099,157077.95
2100,88581.74
2101,257694.22
2102,164429.84
2103,203549.0
2104,449238.84
2105,152492.56
2106,382019.28
2107,129582.95
2108,78426.9
2109,312218.75
2110,265227.53
2111,133785.31
2112,229059.84
2113,75851.57
2114,177760.53
2115,157727.16
2116,142657.77
2117,80344.96
2118,253748.73
2119,174528.38
2120,85634.65
2121,148812.58
2122,184735.17
2123,184358.14
2124,243319.48
2125,225281.62
2126,180834.2
2127,279129.25
2128,81920.266
2129,254995.5
2130,164114.36
2131,149398.72
2132,82611.266
2133,84471.3
2134,170778.9
2135,144556.39
2136,200640.14
2137,200246.67
2138,262659.34
2139,200525.36
2140,308798.06
2141,53787.457
2142,60563.72
2143,179980.98
2144,292222.62
2145,482453.9
2146,474668.8
2147,249695.22
2148,260420.2
2149,220463.17
2150,209996.97
2151,99192.64
2152,154172.64
2153,378300.0
2154,193212.11
2155,84136.29
2156,167694.67
2157,296667.72
2158,352945.5
2159,112313.53
2160,156917.7
2161,234665.88
2162,255337.97
2163,216957.72
2164,98833.74
2165,80402.164
2166,379525.44
2167,230215.53
2168,244252.73
2169,498834.2
2170,178363.58
2171,160190.62
2172,218230.8
2173,154364.31
2174,294288.72
2175,415057.34
2176,351836.62
2177,168026.62
2178,274260.75
2179,224086.33
2180,125471.4
2181,158780.12
2182,193489.5
2183,160818.66
2184,183467.6
2185,158695.8
2186,127883.125
2187,253425.61
2188,240104.84
2189,77340.32
2190,182878.9
2191,459911.3
2192,93336.68
2193,322565.7
2194,87506.03
2195,160486.81
2196,256651.67
2197,522258.22
2198,151822.72
2199,123379.98
2200,81110.766
2201,88137.625
2202,72686.586
2203,306772.56
2204,59713.81
2205,136655.94
2206,144846.22
2207,438209.4
2208,121846.71
2209,353079.2
2210,416203.47
2211,148800.17
2212,435650.94
2213,272551.8
2214,223952.66
2215,61288.742
2216,233073.92
2217,104108.25
2218,49292.492
2219,167683.77
2220,83048.14
2221,131753.78
2222,106927.88
2223,158414.08
2224,155691.06
2225,141508.11
2226,362923.9
2227,333657.06
2228,114463.35
2229,159116.27
2230,221264.84
2231,51936.836
2232,66420.445
2233,278559.44
2234,208142.42
2235,119153.99
2236,125384.94
2237,161792.64
2238,187791.55
2239,155305.5
2240,106042.78
2241,203527.84
2242,145124.06
2243,392014.75
2244,205203.34
2245,379809.34
2246,161212.45
2247,283891.97
2248,143650.8
2249,182047.14
2250,276458.6
2251,195035.0
2252,303669.28
2253,267820.44
2254,93123.72
2255,72603.36
2256,144584.88
2257,298244.53
2258,174839.81
2259,432303.0
2260,115320.92
2261,257602.11
2262,192153.48
2263,216833.42
2264,54084.336
2265,253682.9
2266,255628.8
2267,68956.21
2268,323085.53
2269,334626.72
2270,92226.836
2271,190707.66
2272,302830.72
2273,85920.29
2274,238824.88
2275,358021.62
2276,430361.6
2277,324047.44
2278,82856.805
2279,301709.78
2280,75636.56
2281,127137.49
2282,122841.695
2283,96686.875
2284,519465.1
2285,328050.34
2286,105900.4
2287,200682.06
2288,211771.11
2289,197436.4
2290,85074.37
2291,133551.27
2292,253621.69
2293,470918.1
2294,83559.32
2295,244505.89
2296,156369.05
2297,409844.62
2298,279026.06
2299,175308.97
2300,155931.16
2301,79207.164
2302,153973.75
2303,238744.02
2304,211239.78
2305,119153.5
2306,451152.4
2307,157634.36
2308,133737.16
2309,272729.56
2310,233914.28
2311,92496.04
2312,193827.05
2313,162915.1
2314,187942.67
2315,128089.77
2316,364966.78
2317,294928.03
2318,179040.89
2319,72951.84
2320,162977.8
2321,149764.52
2322,100093.68
2323,208306.33
2324,165806.19
2325,247025.81
2326,155178.44
2327,48553.418
2328,72269.46
2329,76312.54
2330,173195.48
2331,248924.97
2332,85717.26
2333,147812.89
2334,166763.88
2335,113071.69
2336,459064.62
2337,240415.69
2338,129552.6
2339,68760.43
2340,369177.3
2341,90091.836
2342,96873.75
2343,185400.38
2344,233402.27
2345,217148.14
2346,102925.55
2347,209239.62
2348,264334.6
2349,190036.55
2350,179883.08
2351,191542.55
2352,54055.62
2353,356653.12
2354,195433.1
2355,262192.8
2356,338052.8
2357,471335.88
2358,71450.875
2359,213678.55
2360,89421.28
2361,208358.61
2362,257290.84
2363,318302.62
2364,165279.81
2365,496070.8
2366,202503.69
2367,91185.31
2368,117016.65
2369,125074.12
2370,233765.44
2371,68660.125
2372,164548.22
2373,109559.875
2374,192350.77
2375,139350.98
2376,113978.164
2377,211583.33
2378,162453.56
2379,92419.63
2380,127953.56
2381,107354.08
2382,248083.53
2383,220044.17
2384,373355.34
2385,302932.84
2386,240674.5
2387,210213.61
2388,211232.33
2389,89127.5
2390,209171.47
2391,295213.94
2392,289852.53
2393,276016.1
2394,177027.25
2395,90142.24
2396,204442.67
2397,203982.83
2398,76460.17
2399,386545.56
2400,517783.78
2401,237495.52
2402,305643.97
2403,161500.77
2404,122066.945
2405,251704.97
2406,342985.97
2407,201910.62
2408,136263.3
2409,440572.38
2410,112923.17
2411,195253.61
2412,223986.02
2413,422325.5
2414,115997.586
2415,81171.65
2416,324952.16
2417,117631.7
2418,93921.29
2419,314030.16
2420,480375.34
2421,486476.4
2422,113678.875
2423,292866.2
2424,407439.16
2425,133625.7
2426,130365.39
2427,225184.61
2428,159591.61
2429,173784.73
2430,511931.6
2431,172731.22
2432,223532.88
2433,123562.984
2434,140411.88
2435,73611.445
2436,232592.25
2437,121952.484
2438,146645.61
2439,161833.06
2440,150023.89
2441,330964.56
2442,213578.97
2443,114706.92
2444,313093.8
2445,471545.12
2446,176415.72
2447,299585.12
2448,139371.1
2449,367203.53
2450,175468.05
2451,184526.58
2452,131626.75
2453,224351.36
2454,310868.34
2455,170220.16
2456,141355.06
2457,245163.4
2458,380080.66
2459,273879.06
2460,503276.75
2461,105457.5
2462,137617.69
2463,414300.22
2464,292563.0
2465,191332.05
2466,129346.984
2467,236670.19
2468,175219.38
2469,213867.6
2470,302350.38
2471,454403.8
2472,161307.58
2473,334071.03
2474,198490.06
2475,261468.06
2476,140231.05
2477,112159.5
2478,58993.64
2479,113195.07
2480,179031.83
2481,215899.92
2482,105394.99
2483,211094.06
2484,165491.95
2485,296393.97
2486,361845.44
2487,82975.805
2488,217206.11
2489,101373.09
2490,206049.75
2491,238011.67
2492,278291.2
2493,246092.94
2494,138606.83
2495,509890.94
2496,175172.53
2497,385673.94
2498,146803.23
2499,200970.27
2500,501028.4
2501,219325.14
2502,181366.8
2503,422535.16
2504,236571.86
2505,160312.55
2506,98676.484
2507,155143.83
2508,86359.555
2509,175732.72
2510,261490.0
2511,57160.613
2512,170196.17
2513,73592.48
2514,84328.234
2515,278303.75
2516,230705.28
2517,183139.27
2518,106644.164
2519,170150.34
2520,304004.94
2521,421947.7
2522,45084.016
2523,238914.19
2524,252289.92
2525,167154.78
2526,220354.16
2527,355182.53
2528,231889.47
2529,72708.914
2530,87700.555
2531,345946.88
2532,265152.12
2533,109486.43
2534,84641.87
2535,110610.27
2536,133253.3
2537,146162.28
2538,209133.48
2539,102202.05
2540,98624.32
2541,115195.555
2542,459091.0
2543,155432.08
2544,133813.1
2545,94460.914
2546,152659.6
2547,143719.52
2548,178851.2
2549,123268.9
2550,174279.52
2551,85978.56
2552,246698.77
2553,70354.33
2554,132511.08
2555,453879.0
2556,165559.2
2557,418208.75
2558,241511.44
2559,94762.48
2560,436161.56
2561,38420.2
2562,106581.6
2563,116249.734
2564,162090.33
2565,239811.88
2566,128787.13
2567,211765.17
2568,114878.51
2569,190743.44
2570,110089.22
2571,159807.69
2572,110349.23
2573,111491.17
2574,254989.02
2575,143551.73
2576,211399.66
2577,68413.95
2578,117581.24
2579,283709.22
2580,354640.94
2581,197006.44
2582,156828.03
2583,72667.984
2584,101752.62
2585,427643.34
2586,107580.35
2587,400273.28
2588,401415.25
2589,199469.3
2590,178809.14
2591,226255.17
2592,139783.98
2593,88735.03
2594,110495.55
2595,174397.19
2596,215105.4
2597,277459.38
2598,87294.64
2599,87905.8
2600,129748.57
2601,256520.47
2602,259356.22
2603,121569.59
2604,266262.7
2605,450279.3
2606,318653.94
2607,165737.62
2608,228060.95
2609,246321.25
2610,272142.56
2611,208829.47
2612,137678.55
2613,281045.34
2614,372989.84
2615,81682.57
2616,326250.16
2617,406199.53
2618,57562.098
2619,229775.83
2620,94726.59
2621,150096.55
2622,407274.1
2623,81372.53
2624,208584.83
2625,78076.33
2626,235284.06
2627,317047.34
2628,58589.137
2629,170168.7
2630,475989.28
2631,192428.27
2632,62292.164
2633,232125.78
2634,161477.03
2635,243310.97
2636,124297.195
2637,217683.58
2638,130039.93
2639,209634.02
2640,189728.7
2641,152140.33
2642,232894.86
2643,251676.88
2644,47948.64
2645,158884.7
2646,376936.28
2647,170791.23
2648,433219.44
2649,441277.62
2650,76499.11
2651,143743.67
2652,232033.56
2653,203068.89
2654,246944.84
2655,89527.414
2656,141619.67
2657,182016.17
2658,111119.23
2659,393652.62
2660,195004.88
2661,245741.36
2662,246959.08
2663,279200.0
2664,202637.05
2665,145760.45
2666,53389.613
2667,284855.25
2668,378550.56
2669,165370.25
2670,107522.35
2671,439267.06
2672,295347.56
2673,355083.88
2674,145576.11
2675,61282.12
2676,180320.92
2677,262848.84
2678,160496.33
2679,173178.31
2680,250904.23
2681,429559.9
2682,101432.44
2683,208379.05
2684,122558.664
2685,206032.52
2686,265661.12
2687,163893.39
2688,133340.17
2689,230587.89
2690,53296.996
2691,77669.77
2692,132444.1
2693,223838.81
2694,228661.14
2695,100686.53
2696,170425.95
2697,356123.66
2698,103824.63
2699,134326.02
2700,291989.25
2701,342364.88
2702,112935.52
2703,215066.56
2704,395421.97
2705,111064.92
2706,79521.234
2707,210463.2
2708,221925.42
2709,349528.75
2710,220834.4
2711,176676.45
2712,141105.45
2713,107500.68
2714,414834.38
2715,101343.35
2716,245583.73
2717,164434.86
2718,90067.555
2719,137801.58
2720,145590.44
2721,251341.42
2722,156713.69
2723,48156.48
2724,83073.15
2725,189002.25
2726,49345.67
2727,213890.4
2728,321548.47
2729,216391.77
2730,356221.25
2731,411688.7
2732,172733.36
2733,108644.945
2734,71168.91
2735,56202.867
2736,175488.17
2737,511566.75
2738,124441.77
2739,111702.16
2740,93449.61
2741,216882.52
2742,130389.04
2743,414398.38
2744,232662.03
2745,351921.56
2746,170717.92
2747,322030.03
2748,285566.3
2749,186022.98
2750,66426.42
2751,108435.734
2752,94227.945
2753,119662.04
2754,161811.2
2755,74420.0
2756,414133.38
2757,112728.97
2758,104154.09
2759,340336.34
2760,234176.86
2761,152111.19
2762,146177.83
2763,191982.73
2764,247549.5
2765,59204.332
2766,502444.8
2767,54442.168
2768,273892.84
2769,171370.67
2770,108193.48
2771,398288.8
2772,86511.73
2773,314814.5
2774,148752.55
2775,113560.51
2776,158949.17
2777,90409.375
2778,249844.86
2779,209881.45
2780,333849.03
2781,238406.75
2782,315419.03
2783,102859.19
2784,134329.25
2785,141416.88
2786,356490.84
2787,149970.48
2788,128382.555
2789,122305.74
2790,211180.98
2791,320334.47
2792,132823.55
2793,305607.94
2794,310509.44
2795,56214.45
2796,121854.92
2797,78276.586
2798,488006.3
2799,63382.14
2800,174303.42
2801,495082.75
2802,467300.0
2803,435518.47
2804,198378.53
2805,142015.81
2806,170285.22
2807,443560.16
2808,193407.16
2809,208598.69
2810,242179.16
2811,174772.77
2812,136164.28
2813,94408.97
2814,419124.3
2815,94752.77
2816,113696.74
2817,269352.84
2818,149022.16
2819,119407.96
2820,212520.9
2821,251512.36
2822,486644.62
2823,151824.94
2824,158918.23
2825,262822.16
2826,152791.31
2827,193580.42
2828,230775.83
2829,247382.7
2830,270719.38
2831,188596.7
2832,79016.33
2833,197209.1
2834,497975.03
2835,307918.0
2836,229242.56
2837,180220.5
2838,96121.9
2839,172971.55
2840,113797.15
2841,368423.4
2842,203673.05
2843,144113.64
2844,175829.03
2845,108583.98
2846,127646.24
2847,96044.11
2848,223757.64
2849,161093.94
2850,265890.78
2851,233156.92
2852,257837.16
2853,225220.88
2854,156979.33
2855,410434.53
2856,224290.3
2857,255708.11
2858,271602.2
2859,179130.0
2860,113201.23
2861,98840.74
2862,193691.38
2863,187563.89
2864,155152.42
2865,178349.47
2866,176781.9
2867,205432.9
2868,61868.918
2869,257899.17
2870,99605.234
2871,399095.97
2872,221411.72
2873,398188.1
2874,231711.25
2875,176467.47
2876,82343.664
2877,139260.39
2878,233456.19
2879,80778.31
2880,131364.02
2881,181617.33
2882,177801.72
2883,395966.25
2884,339623.4
2885,261701.16
2886,98177.65
2887,260739.16
2888,192400.0
2889,164450.06
2890,498993.22
2891,237950.84
2892,274995.62
2893,323980.88
2894,176369.44
2895,247885.28
2896,100565.945
2897,226536.22
2898,62048.402
2899,383327.4
2900,325321.62
2901,301902.4
2902,170172.61
2903,69334.19
2904,136132.03
2905,78735.39
2906,121566.15
2907,123863.57
2908,291869.88
2909,224005.7
2910,140725.47
2911,277580.1
2912,339237.22
2913,162230.9
2914,252115.08
2915,191991.31
2916,253188.33
2917,268592.88
2918,198221.73
2919,101585.555
2920,157203.67
2921,93837.9
2922,100594.46
2923,196826.62
2924,84275.09
2925,112333.5
2926,64657.305
2927,202511.2
2928,135988.1
2929,243386.22
2930,332357.56
2931,131420.11
2932,519768.8
2933,384397.66
2934,195547.9
2935,119435.93
2936,215851.67
2937,244002.19
2938,292819.7
2939,319165.75
2940,157979.06
2941,339861.0
2942,292644.34
2943,243804.75
2944,166521.06
2945,177312.08
2946,223437.02
2947,60898.477
2948,233383.39
2949,376947.47
2950,123375.29
2951,309200.9
2952,394238.38
2953,186494.5
2954,283494.53
2955,118185.055
2956,495453.6
2957,312850.12
2958,67762.86
2959,176849.55
2960,102412.414
2961,110191.89
2962,170227.44
2963,156771.53
2964,435505.22
2965,120348.64
2966,142287.39
2967,134006.4
2968,73548.484
2969,111897.945
2970,95257.72
2971,234435.84
2972,242657.77
2973,307798.12
2974,98574.62
2975,166684.39
2976,123422.06
2977,171359.45
2978,117931.88
2979,160190.9
2980,251900.97
2981,137348.48
2982,258621.64
2983,201090.23
2984,325675.8
2985,105145.5
2986,135786.14
2987,138252.06
2988,118407.85
2989,158453.42
2990,173301.03
2991,84412.64
2992,281627.03
2993,178166.4
2994,228172.69
2995,72375.766
2996,356930.22
2997,318325.8
2998,160147.83
2999,204688.06
3000,146890.06
3001,103094.96
3002,257305.19
3003,363938.34
3004,158209.75
3005,461913.8
3006,504132.3
3007,106760.875
3008,225419.03
3009,148356.42
3010,250520.7
3011,158270.33
3012,355111.62
3013,50583.793
3014,235080.64
3015,132681.8
3016,104146.22
3017,90865.59
3018,202247.48
3019,170396.36
3020,458610.25
3021,387616.1
3022,204773.16
3023,302640.38
3024,271022.53
3025,158178.67
3026,93943.55
3027,288491.84
3028,502349.25
3029,388615.34
3030,255768.58
3031,96062.17
3032,448042.97
3033,112489.32
3034,329653.66
3035,183130.23
3036,81133.375
3037,144744.61
3038,205865.52
3039,83292.375
3040,121465.75
3041,285279.34
3042,340843.1
3043,189387.45
3044,344075.53
3045,147743.45
3046,236511.1
3047,180954.66
3048,117289.914
3049,73075.68
3050,83245.67
3051,62376.46
3052,497680.3
3053,192943.31
3054,110085.56
3055,57128.74
3056,53260.957
3057,139818.62
3058,77057.89
3059,132044.5
3060,162477.42
3061,490435.7
3062,233066.67
3063,71502.76
3064,310534.03
3065,139692.36
3066,228570.25
3067,137644.17
3068,156314.23
3069,315306.1
3070,159687.03
3071,326816.25
3072,87012.19
3073,71770.305
3074,157097.95
3075,294699.72
3076,341319.1
3077,145244.56
3078,64364.27
3079,151684.3
3080,211682.03
3081,423977.47
3082,91231.1
3083,104589.14
3084,75127.83
3085,209204.17
3086,225499.6
3087,222601.14
3088,222725.02
3089,232477.39
3090,71497.18
3091,388426.47
3092,356518.2
3093,275033.5
3094,321520.47
3095,341298.9
3096,76547.62
3097,254762.33
3098,497378.53
3099,101088.66
3100,160716.48
3101,163458.62
3102,154231.58
3103,159391.14
3104,63490.895
3105,190093.48
3106,194840.86
3107,379552.06
3108,92260.38
3109,238524.94
3110,129831.805
3111,341644.94
3112,330783.3
3113,99072.77
3114,120118.64
3115,506246.84
3116,83314.59
3117,227337.31
3118,183681.14
3119,95737.21
3120,61081.797
3121,154139.53
3122,409971.72
3123,65453.22
3124,184661.44
3125,490873.78
3126,145015.58
3127,389526.8
3128,209975.48
3129,220899.03
3130,87144.414
3131,111757.734
3132,174854.95
3133,184291.72
3134,57128.832
3135,65785.516
3136,317146.53
3137,51771.715
3138,557245.25
3139,241255.4
3140,148117.19
3141,134871.25
3142,81756.29
3143,94018.914
3144,159961.69
3145,282027.8
3146,195545.03
3147,410354.97
3148,109479.625
3149,132307.88
3150,344271.88
3151,523278.6
3152,221882.84
3153,518261.22
3154,101623.48
3155,151130.2
3156,120958.86
3157,356383.25
3158,391756.78
3159,238123.8
3160,217007.5
3161,218703.61
3162,98146.53
3163,159854.98
3164,111257.19
3165,224254.53
3166,113821.984
3167,154430.31
3168,106535.95
3169,154263.0
3170,151362.9
3171,85694.64
3172,177723.56
3173,80182.86
3174,77000.82
3175,286024.25
3176,139288.34
3177,181794.17
3178,131936.05
3179,78854.74
3180,183900.69
3181,183507.45
3182,165230.53
3183,206717.8
3184,353848.6
3185,221030.14
3186,284667.3
3187,459125.9
3188,97228.41
3189,215260.88
3190,163262.52
3191,227955.67
3192,164978.27
3193,209245.4
3194,160152.31
3195,76774.82
3196,231614.42
3197,149611.38
3198,163342.2
3199,150983.92
3200,80155.78
3201,181044.58
3202,258231.39
3203,188242.11
3204,237892.97
3205,96720.87
3206,322456.2
3207,89089.17
3208,222960.14
3209,190485.25
3210,327997.34
3211,130011.86
3212,2198.4546
3213,176285.14
3214,176214.77
3215,269998.53
3216,261764.0
3217,221156.6
3218,78461.92
3219,262626.72
3220,194618.03
3221,181510.55
3222,257913.56
3223,473180.66
3224,205197.73
3225,143015.38
3226,165650.11
3227,152486.84
3228,300072.75
3229,166001.84
3230,140294.95
3231,196497.05
3232,277403.62
3233,154781.31
3234,217336.6
3235,282396.2
3236,94534.26
3237,382418.06
3238,156070.47
3239,173862.12
3240,169186.06
3241,229459.03
3242,176201.56
3243,329597.2
3244,62339.836
3245,196754.61
3246,96540.6
3247,159774.45
3248,386355.34
3249,420974.2
3250,262455.7
3251,222118.75
3252,69619.625
3253,352327.1
3254,151996.19
3255,194802.08
3256,232832.94
3257,189608.69
3258,181500.06
3259,162961.98
3260,244122.94
3261,94057.46
3262,321989.75
3263,106145.28
3264,282995.5
3265,111823.89
3266,101965.1
3267,162226.2
3268,169945.25
3269,250236.75
3270,153469.69
3271,135401.56
3272,112195.586
3273,95566.22
3274,140057.05
3275,228533.75
3276,57725.465
3277,184845.47
3278,64231.74
3279,80768.46
3280,306640.25
3281,483648.75
3282,485392.66
3283,76882.85
3284,285094.72
3285,93032.24
3286,100242.66
3287,200090.9
3288,323474.0
3289,362846.1
3290,202917.39
3291,388364.3
3292,78920.97
3293,133461.81
3294,199611.9
3295,316884.78
3296,122399.11
3297,284026.9
3298,458612.16
3299,207581.84
3300,75893.555
3301,478291.56
3302,89925.66
3303,46913.12
3304,488760.88
3305,210191.44
3306,128543.43
3307,107916.52
3308,311710.78
3309,330367.44
3310,198028.2
3311,315997.53
3312,158367.67
3313,255728.08
3314,197514.98
3315,94227.305
3316,74175.34
3317,54582.906
3318,517708.3
3319,275432.0
3320,158142.06
3321,208801.67
3322,258794.44
3323,325577.3
3324,210492.97
3325,271520.03
3326,336022.56
3327,320076.84
3328,225559.53
3329,314507.25
3330,116937.305
3331,160814.22
3332,346588.16
3333,72589.73
3334,116015.87
3335,181972.81
3336,324012.84
3337,100824.516
3338,229600.11
3339,424496.8
3340,197475.33
3341,176855.97
3342,110680.65
3343,492117.47
3344,117659.99
3345,150585.25
3346,123136.93
3347,205290.89
3348,246690.39
3349,400863.1
3350,218435.34
3351,167413.27
3352,358296.1
3353,192087.53
3354,305324.62
3355,269410.34
3356,121041.484
3357,51052.254
3358,287510.1
3359,233848.81
3360,410943.72
3361,154421.55
3362,115385.82
3363,155286.61
3364,111153.984
3365,263042.6
3366,95511.875
3367,484930.0
3368,273149.44
3369,181986.6
3370,90429.72
3371,496831.1
3372,333778.47
3373,95017.625
3374,372318.9
3375,72627.516
3376,113893.83
3377,292712.7
3378,205826.53
3379,151642.72
3380,427040.75
3381,134626.61
3382,74849.02
3383,138430.12
3384,504930.97
3385,135016.5
3386,148697.05
3387,456891.72
3388,250655.66
3389,411605.2
3390,149755.7
3391,196754.38
3392,220598.17
3393,99056.695
3394,300656.06
3395,152991.61
3396,48566.72
3397,171333.98
3398,224365.0
3399,93239.875
3400,212693.06
3401,154160.64
3402,353462.72
3403,138140.53
3404,426013.34
3405,494847.4
3406,192879.98
3407,82675.95
3408,289831.12
3409,225494.92
3410,123012.305
3411,294492.0
3412,90479.125
3413,211250.55
3414,454698.38
3415,126358.1
3416,387034.16
3417,102678.6
3418,69840.81
3419,255918.92
3420,209672.98
3421,151329.9
3422,127712.28
3423,153414.92
3424,60513.234
3425,119363.53
3426,58097.8
3427,173791.05
3428,403423.8
3429,141502.23
3430,412080.56
3431,99995.29
3432,370726.12
3433,117601.69
3434,197069.06
3435,188177.0
3436,491885.16
3437,82182.375
3438,250626.64
3439,241682.38
3440,72881.58
3441,345999.56
3442,341396.44
3443,104264.46
3444,125418.875
3445,109299.71
3446,490750.34
3447,299576.03
3448,288893.28
3449,208397.03
3450,92727.336
3451,193169.02
3452,178543.92
3453,206808.19
3454,184595.64
3455,506593.62
3456,174746.72
3457,328824.44
3458,388110.16
3459,140686.67
3460,412652.78
3461,465074.9
3462,250191.78
3463,181148.78
3464,249350.97
3465,511645.97
3466,331776.97
3467,145275.36
3468,121132.484
3469,259848.56
3470,192052.84
3471,96591.836
3472,467327.34
3473,133348.95
3474,59244.94
3475,269581.0
3476,85637.75
3477,122775.0
3478,198932.67
3479,206297.17
3480,371890.56
3481,106253.32
3482,60250.477
3483,78689.266
3484,265035.06
3485,233922.1
3486,517733.97
3487,500592.97
3488,251969.5
3489,235079.81
3490,378323.72
3491,328316.6
3492,203306.58
3493,53882.535
3494,434700.25
3495,464668.78
3496,227989.45
3497,408523.22
3498,85854.24
3499,47721.742
3500,321594.62
3501,327042.12
3502,252314.17
3503,52999.3
3504,239722.67
3505,250764.39
3506,118454.73
3507,132137.02
3508,314403.38
3509,259736.11
3510,99176.1
3511,232244.89
3512,181812.14
3513,224589.44
3514,331182.28
3515,77317.66
3516,126621.84
3517,226461.22
3518,505457.3
3519,136131.14
3520,380350.2
3521,180793.95
3522,315605.06
3523,145893.72
3524,126609.68
3525,272448.62
3526,169458.75
3527,96165.34
3528,384176.5
3529,219350.66
3530,92727.83
3531,175240.98
3532,243959.16
3533,74861.81
3534,115316.516
3535,117160.69
3536,403919.34
3537,234011.89
3538,91960.43
3539,110586.64
3540,224869.52
3541,109546.414
3542,158675.62
3543,47559.246
3544,246238.75
3545,188326.52
3546,201364.89
3547,254042.27
3548,228128.2
3549,94461.23
3550,161469.25
3551,163753.61
3552,135612.9
3553,47414.527
3554,323828.47
3555,295274.62
3556,198392.03
3557,356451.06
3558,431713.22
3559,178773.95
3560,74808.9
3561,132125.75
3562,108827.48
3563,90550.81
3564,261148.88
3565,158300.78
3566,75286.26
3567,131488.28
3568,192979.55
3569,233981.67
3570,156292.83
3571,211274.11
3572,307124.3
3573,221654.69
3574,245740.39
3575,124647.305
3576,94998.266
3577,140464.58
3578,267781.2
3579,121388.64
3580,359178.62
3581,48578.992
3582,510808.28
3583,255257.16
3584,93124.125
3585,54205.04
3586,426298.72
3587,345141.75
3588,360769.16
3589,99102.57
3590,302340.53
3591,428081.7
3592,125294.56
3593,216404.64
3594,57508.492
3595,110290.03
3596,224686.3
3597,249368.28
3598,181350.23
3599,59827.78
3600,409557.3
3601,146204.77
3602,111932.67
3603,71495.67
3604,124128.0
3605,95629.125
3606,114727.125
3607,66064.91
3608,340404.75
3609,194917.27
3610,99247.21
3611,232654.6
3612,225636.02
3613,297578.62
3614,152034.05
3615,458622.8
3616,144881.28
3617,188728.39
3618,82163.51
3619,171133.53
3620,96067.1
3621,147307.2
3622,454292.53
3623,225396.23
3624,341300.72
3625,95727.266
3626,73277.0
3627,62302.395
3628,129871.86
3629,128051.695
3630,380261.84
3631,338879.47
3632,208299.16
3633,107783.41
3634,194442.31
3635,311370.8
3636,150648.33
3637,179051.98
3638,107916.766
3639,218539.97
3640,303138.44
3641,178926.38
3642,262957.7
3643,47496.46
3644,147795.73
3645,178210.8
3646,371636.5
3647,391613.7
3648,241971.84
3649,428954.56
3650,546137.1
3651,194969.48
3652,174712.7
3653,134136.31
3654,283232.28
3655,54775.676
3656,71127.4
3657,247553.06
3658,166892.17
3659,89453.484
3660,213728.88
3661,113667.63
3662,280890.72
3663,204080.31
3664,390186.47
3665,125886.734
3666,99404.05
3667,81853.48
3668,147548.47
3669,287622.3
3670,171555.83
3671,241202.95
3672,217577.4
3673,266200.8
3674,156057.11
3675,131129.47
3676,174331.75
3677,222056.4
3678,107363.99
3679,180611.95
3680,103799.3
3681,94753.93
3682,199382.56
3683,54943.164
3684,293300.97
3685,360342.72
3686,117369.96
3687,54039.465
3688,359891.62
3689,259431.64
3690,88877.59
3691,218674.55
3692,159871.06
3693,90299.266
3694,272780.47
3695,54842.734
3696,159452.75
3697,400895.94
3698,172346.77
3699,148409.38
3700,134880.75
3701,82668.445
3702,125293.58
3703,93715.17
3704,159168.12
3705,192876.05
3706,79257.984
3707,106076.96
3708,201752.8
3709,202273.44
3710,73913.05
3711,92163.69
3712,168340.06
3713,113263.69
3714,84412.01
3715,196126.8
3716,133785.77
3717,194551.69
3718,442036.97
3719,257587.8
3720,153104.38
3721,161799.95
3722,416421.7
3723,187941.61
3724,168459.25
3725,142555.17
3726,240373.42
3727,137845.33
3728,192242.47
3729,155684.55
3730,159172.89
3731,317652.5
3732,148678.83
3733,169341.1
3734,222617.31
3735,376421.97
3736,501261.22
3737,117867.78
3738,365069.25
3739,191633.8
3740,250668.6
3741,267748.12
3742,243944.48
3743,235703.34
3744,286854.47
3745,524320.8
3746,483636.53
3747,112452.11
3748,120976.086
3749,243504.62
3750,127166.68
3751,349910.28
3752,408875.3
3753,507941.4
3754,125480.44
3755,276677.16
3756,147711.4
3757,315514.72
3758,170191.97
3759,224630.1
3760,104920.984
3761,163135.84
3762,180217.53
3763,117645.24
3764,207172.98
3765,163480.08
3766,221659.73
3767,155456.97
3768,112378.41
3769,395444.7
3770,109387.67
3771,165110.75
3772,66607.4
3773,275589.16
3774,5830.129
3775,178833.98
3776,295981.38
3777,132145.2
3778,247289.1
3779,74030.71
3780,274713.38
3781,211708.73
3782,148238.89
3783,249004.3
3784,308946.1
3785,166487.95
3786,165898.75
3787,335620.44
3788,226174.28
3789,165046.19
3790,170198.56
3791,495009.9
3792,204212.28
3793,55046.605
3794,302884.78
3795,213068.06
3796,80050.09
3797,214218.56
3798,291749.03
3799,327256.4
3800,198305.06
3801,333667.47
3802,79376.87
3803,119103.695
3804,176780.12
3805,136082.89
3806,212610.86
3807,81908.12
3808,260436.7
3809,102277.71
3810,170163.92
3811,303630.25
3812,244206.44
3813,260148.62
3814,205755.0
3815,166123.02
3816,255362.73
3817,516529.12
3818,68887.41
3819,262007.28
3820,181652.39
3821,140826.06
3822,75195.18
3823,78237.55
3824,231877.28
3825,106507.96
3826,132768.0
3827,230279.77
3828,340007.8
3829,337814.78
3830,63794.133
3831,93195.54
3832,182058.6
3833,175566.52
3834,60568.484
3835,202565.19
3836,56634.71
3837,25100.002
3838,211449.28
3839,207914.06
3840,109512.96
3841,346475.22
3842,253347.98
3843,262818.0
3844,245757.7
3845,190089.36
3846,366905.75
3847,153606.3
3848,129665.125
3849,184241.64
3850,69157.23
3851,277337.03
3852,150385.06
3853,156397.33
3854,295362.03
3855,183619.86
3856,228947.5
3857,193306.88
3858,259558.61
3859,169381.7
3860,522120.25
3861,374662.38
3862,196309.06
3863,93188.125
3864,355348.53
3865,206516.3
3866,220873.1
3867,231590.33
3868,239561.67
3869,168895.17
3870,280971.8
3871,241305.48
3872,244694.33
3873,229101.34
3874,393657.3
3875,177545.78
3876,170041.45
3877,443441.4
3878,81247.49
3879,88326.62
3880,143329.38
3881,291983.12
3882,209691.56
3883,122526.36
3884,256625.42
3885,173235.61
3886,571210.4
3887,398076.22
3888,212106.55
3889,334968.53
3890,135106.22
3891,399395.38
3892,52611.664
3893,189606.86
3894,365757.88
3895,262419.53
3896,207461.64
3897,265594.84
3898,223119.75
3899,252732.23
3900,306311.2
3901,324883.38
3902,52041.227
3903,407224.1
3904,477720.84
3905,77999.49
3906,86604.43
3907,128875.67
3908,211096.72
3909,152466.11
3910,219429.81
3911,172705.53
3912,276129.03
3913,129479.445
3914,67215.85
3915,380334.16
3916,100472.42
3917,120953.46
3918,104003.234
3919,274839.38
3920,171541.25
3921,157312.28
3922,177142.0
3923,505034.97
3924,299234.88
3925,137272.9
3926,71454.56
3927,85895.88
3928,173684.1
3929,225440.6
3930,52283.805
3931,171682.73
3932,88088.86
3933,143370.73
3934,256528.73
3935,120886.97
3936,134405.06
3937,152318.25
3938,114618.87
3939,372643.47
3940,261485.64
3941,349552.62
3942,236128.02
3943,104938.695
3944,172070.03
3945,311354.25
3946,138747.39
3947,343819.75
3948,172808.62
3949,139385.97
3950,279319.0
3951,259369.4
3952,262089.1
3953,131715.16
3954,251968.33
3955,73192.99
3956,314176.22
3957,386136.2
3958,316079.44
3959,56398.535
3960,151342.55
3961,215678.73
3962,118863.375
3963,119062.6
3964,174411.38
3965,478991.2
3966,193253.61
3967,474424.47
3968,119324.19
3969,242790.56
3970,102104.82
3971,104858.336
3972,96900.69
3973,257421.31
3974,246862.72
3975,424774.4
3976,166665.5
3977,117949.71
3978,106495.9
3979,83944.25
3980,171025.66
3981,66122.6
3982,268823.7
3983,57929.133
3984,207287.89
3985,71635.17
3986,215467.66
3987,158009.72
3988,69835.61
3989,210358.9
3990,438122.7
3991,316441.8
3992,315942.16
3993,504774.6
3994,58205.88
3995,207139.42
3996,251474.02
3997,131107.44
3998,109708.28
3999,83603.195
4000,168451.08
4001,229269.75
4002,182782.1
4003,155729.42
4004,133080.78
4005,110169.56
4006,78513.266
4007,97549.34
4008,243328.2
4009,239844.95
4010,161301.6
4011,64800.42
4012,108833.78
4013,309711.5
4014,127128.25
4015,186222.86
4016,46854.27
4017,317762.38
4018,97149.36
4019,337715.22
4020,160646.3
4021,140207.97
4022,95889.73
4023,499718.53
4024,74969.37
4025,233277.67
4026,157699.47
4027,314174.4
4028,227186.75
4029,230070.97
4030,192597.64
4031,451048.6
4032,200884.61
4033,122747.09
4034,221435.11
4035,220926.19
4036,152463.58
4037,271573.06
4038,150451.72
4039,121940.78
4040,309110.47
4041,146010.72
4042,181121.11
4043,180219.06
4044,73273.57
4045,502288.84
4046,161181.83
4047,130742.73
4048,388167.88
4049,100955.67
4050,210206.98
4051,195385.12
4052,56070.38
4053,94568.2
4054,113770.34
4055,268725.34
4056,319508.44
4057,114818.47
4058,357610.6
4059,44887.01
4060,377347.34
4061,312195.16
4062,80373.87
4063,150652.56
4064,336541.38
4065,200146.88
4066,95418.07
4067,372077.9
4068,174827.06
4069,221810.5
4070,95786.95
4071,483521.47
4072,459392.38
4073,206537.72
4074,207387.0
4075,240391.05
4076,100938.414
4077,98316.64
4078,448569.5
4079,242724.19
4080,257507.55
4081,155912.62
4082,111057.93
4083,449542.6
4084,92365.96
4085,94975.445
4086,476441.2
4087,133124.05
4088,109474.02
4089,267065.38
4090,290825.94
4091,178814.9
4092,438425.0
4093,392930.84
4094,452411.5
4095,103110.13
4096,154774.88
4097,202660.6
4098,238448.17
4099,319648.97
4100,181400.3
4101,247260.58
4102,124643.43
4103,97593.945
4104,229314.36
4105,97209.234
4106,172339.22
4107,197463.9
4108,154714.27
4109,460696.56
4110,226704.36
4111,112359.09
4112,495690.97
